index,Titles
1,Parasite (Gisaengchung) (2019)
2,Avengers: Endgame (2019)
3,Knives Out (2019)
4,Us (2019)
5,Toy Story 4 (2019)
6,The Irishman (2019)
7,Little Women (2019)
8,The Farewell (2019)
9,Booksmart (2019)
10,A Beautiful Day in the Neighborhood (2019)
11,Marriage Story (2019)
12,Spider-Man: Far From Home (2019)
13,If Beale Street Could Talk (2019)
14,Once Upon a Time In Hollywood (2019)
15,Pain and Glory (Dolor y gloria) (2019)
16,Shazam! (2019)
17,Ford v Ferrari (2019)
18,The Lighthouse (2019)
19,Dolemite Is My Name (2019)
20,Uncut Gems (2019)
21,Apollo 11 (2019)
22,Rocketman (2019)
23,Amazing Grace (2019)
24,Ash Is Purest White (2019)
25,They Shall Not Grow Old (2019)
26,Honeyland (2019)
27,John Wick: Chapter 3 - Parabellum (2019)
28,The Peanut Butter Falcon (2019)
29,Honey Boy (2019)
30,One Cut of the Dead (Kamera o tomeru na!) (2019)
31,Knock Down the House (2019)
32,Birds of Passage (Pájaros de verano) (2019)
33,Captain Marvel (2019)
34,For Sama (2019)
35,Maiden (2019)
36,Atlantics (2019)
37,Fighting with My Family (2019)
38,Hustlers (2019)
39,One Child Nation (2019)
40,3 Faces (2019)
41,Woman at War (Kona fer í stríð) (2019)
42,Chained for Life (2019)
43,How to Train Your Dragon: The Hidden World (2019)
44,First Love (Hatsukoi) (2019)
45,The Chambermaid (La camarista) (2019)
46,Transit (2019)
47,Tigers Are Not Afraid (Vuelven) (2019)
48,Stan & Ollie (2019)
49,Midnight Traveler (2019)
50,Ready or Not (2019)
51,Mickey and the Bear (2019)
52,Deadwood: The Movie (2019)
53,Hail Satan? (2019)
54,Varda by Agnès (2019)
55,"Scream, Queen! My Nightmare on Elm Street (2019)"
56,White Riot (2019)
57,The Heiresses (Las Herederas) (2019)
58,Toni Morrison: The Pieces I Am (2019)
59,The Last Black Man in San Francisco (2019)
60,Midsommar (2019)
61,The Mustang (2019)
62,Wild Rose (2019)
63,Blinded by the Light (2019)
64,Bad Education (2019)
65,Ad Astra (2019)
66,63 Up (2019)
67,Homecoming: A Film by Beyoncé (2019)
68,Too Late to Die Young (Tarde para morir joven) (2019)
69,By the Grace of God (Grâce à Dieu) (2019)
70,Dark Waters (2019)
71,Gloria Bell (2019)
72,Midnight Family (2019)
73,Buñuel in the Labyrinth of the Turtles (Buñuel en el laberinto de las tortugas) (2019)
74,American Factory (2019)
75,Fiddler: A Miracle of Miracles (2019)
76,Making Waves: The Art of Cinematic Sound (2019)
77,Working Woman (2019)
78,Dirty God (2019)
79,The Cave (2019)
80,The Kingmaker (2019)
81,"Love, Antosha (2019)"
82,I Lost My Body (2019)
83,Harpoon (2019)
84,Jojo Rabbit (2019)
85,Little Woods (2019)
86,The Two Popes (2019)
87,In Fabric (2019)
88,Mike Wallace Is Here (2019)
89,Ray & Liz (2019)
90,Be Natural: The Untold Story of Alice Guy-Blaché (2019)
91,Monos (2019)
92,Clemency (2019)
93,Shadow (2019)
94,Rojo (2019)
95,An Elephant Sitting Still (Da xiang xi di er zuo) (2019)
96,Citizen K (2019)
97,The Wild Pear Tree (Ahlat agaci) (2019)
98,The Kid Who Would Be King (2019)
99,The LEGO Movie 2: The Second Part (2019)
100,Raise Hell: The Life & Times of Molly Ivins (2019)
